{"planDetails": {"ppi": 300, "pdfScale": ["1", "100"], "magicScale": 118.11000000047245}, "seatPixelCoords": [[1502.808981674698, 5436.223987314943], [1459.289559531315, 5394.556455475534], [1420.3998631478662, 5349.185143028177], [1383.3620570683913, 5305.665720884794], [1606.514838697228, 5309.369501492742], [1570.40297776974, 5271.4057502612795], [1537.0689522982125, 5230.664163573857], [1500.9570913707244, 5187.144741430474], [1469.4749562031707, 5146.403154743051], [1438.9187661876038, 5102.883732599668], [1407.43663102005, 5058.438365304298], [1378.7323313084569, 5013.992998008928], [1693.5536829839943, 5224.182547509949], [1654.6639866005455, 5180.6631253665655], [1618.5521256730574, 5133.4399226152345], [1583.3662098975562, 5088.068610167878], [1545.4024586660944, 5040.8454074165475], [1514.8462686505275, 4993.6222046652165], [1486.1419689389343, 4942.6952213059385], [1456.5117240753543, 4890.842292794674], [1426.8814792117744, 4843.619090043343], [1400.955014956142, 4790.840216380091], [1375.0285507005094, 4735.283507260879], [1778.740636966787, 5129.7361420072875], [1742.6287760392988, 5084.3648295599305], [1704.665024807837, 5038.9935171125735], [1666.701273576375, 4990.844369209256], [1633.3672481048475, 4941.769276153952], [1603.7370032412675, 4894.546073402621], [1572.2548680737136, 4842.6931448913565], [1541.698678058147, 4789.914271228105], [1512.9943783465537, 4737.135397564853], [1488.919804394895, 4684.356523901601], [1465.7711755952232, 4629.725759934375], [1446.3263274034987, 4573.243105663176], [1427.8074243637611, 4516.760451391976], [1406.510685868063, 4461.2037422727635], [1389.8436731322993, 4407.498923457525], [1376.8804410044831, 4344.534653122418], [1365.7690991806405, 4288.977944003205], [1354.6577573567981, 4227.865563972071], [1348.17614129289, 4170.456964548885], [1347.2501961409032, 4113.048365125699], [1470.4009013551574, 4109.344584517751], [1472.2527916591312, 4171.382909700872], [1480.586298027013, 4236.199070339953], [1495.4014204588032, 4301.941176131021], [1508.3646525866193, 4362.127611010168], [1525.95761047437, 4425.091881345275], [1545.4024586660944, 4486.20426137641], [1564.8473068578187, 4547.316641407543], [1588.9218808094774, 4609.354966590664], [1615.774290217097, 4664.911675709876], [1642.6266996247161, 4724.172165437036], [1675.0347799442568, 4778.802929404262], [1709.2947505677712, 4838.989364283409], [1746.3325566472463, 4893.6201282506345], [1784.2963078787081, 4945.473056761899], [1824.1119494141437, 4996.400040121178], [1863.0016457975926, 5042.697297720521], [1963.003722212175, 4958.436288889716], [1925.9659161327, 4916.768757050306], [1890.7800003571988, 4871.39744460295], [1856.5200297336844, 4824.174241851619], [1821.334113958183, 4775.099148796315], [1793.5557593985768, 4725.098110589023], [1762.9995693830099, 4672.319236925771], [1735.2212148234037, 4618.614418110533], [1712.072586023732, 4566.761489599267], [1688.92395722406, 4513.056670784029], [1665.7753284243881, 4453.796181056869], [1649.1083156886243, 4399.165417089643], [1632.4413029528607, 4339.904927362483], [1623.1818514329918, 4282.496327939297], [1612.0705096091494, 4224.161783364124], [1600.9591677853068, 4167.679129092924], [1597.2553871773594, 4112.122419973712], [1723.1839278475743, 4097.307297541922], [1727.8136536075087, 4157.493732421069], [1733.36932451943, 4217.6801673002155], [1744.4806663432726, 4276.940657027376], [1763.9255145349969, 4336.201146754535], [1779.6665821187737, 4393.609746177722], [1802.8152109184457, 4449.166455296934], [1825.0378945661307, 4510.278835328068], [1850.0384136697762, 4563.983654143307], [1875.9648779254087, 4617.688472958545], [1906.5210679409756, 4672.319236925771], [1941.7069837164768, 4726.950000892997], [1973.1891188840307, 4776.951039100288], [2009.3009798115188, 4822.322351547645], [2049.116621346954, 4867.693663995002], [2124.1181786578913, 4770.46942303638], [2088.006317730403, 4724.172165437036], [2052.820401954902, 4681.57868844564], [2020.4123216353612, 4633.429540542323], [1992.633967075755, 4580.650666879071], [1966.7075028201225, 4531.575573823766], [1937.0772579565426, 4476.944809856541], [1914.8545743088575, 4426.943771649249], [1899.1135067250807, 4369.535172226063], [1884.2983842932906, 4314.904408258837], [1867.6313715575268, 4261.199589443599], [1856.5200297336844, 4200.087209412465], [1844.482742757855, 4144.530500293253], [1838.0011266939468, 4087.1219008700664], [2314.8628799671874, 4586.206337790992], [2277.8250738877123, 4538.983135039662], [2245.416993568172, 4490.833987136344], [2216.712693856579, 4439.907003777065], [2191.712174752933, 4385.27623980984], [2171.341381409222, 4333.423311298575], [2150.9705880655106, 4279.718492483336], [2134.3035753297468, 4224.161783364124], [2122.2662883539174, 4165.827238788951], [2111.154946530075, 4107.492694213777], [2103.74738531418, 4052.8619302465518], [2229.675925984395, 4051.0100399425783], [2238.9353775042637, 4107.492694213777], [2248.1948290241326, 4163.975348484977], [2265.787786911883, 4221.3839479081635], [2281.52885449566, 4274.162821571415], [2303.751538143345, 4329.719530690628], [2327.8261120950037, 4380.646514049906], [2361.1601375665314, 4429.72160710521], [2392.642272734085, 4476.018864704553], [1519.475994410462, 2571.3496870675517], [1477.8084625710526, 2613.0172189069613], [1436.140930731643, 2662.0923119622657], [1400.029069804155, 2703.759843801675], [1605.5888935452413, 2669.4998731781607], [1567.6251423137794, 2711.1674050175698], [1534.2911168422518, 2749.131156249032], [1500.0311462187374, 2790.7986880884414], [1466.69712074721, 2835.2440553838114], [1435.2149855796563, 2876.9115872232205], [1407.43663102005, 2922.2828996705775], [1377.80638615647, 2965.8023218139606], [1692.6277378320076, 2759.3165529208873], [1657.4418220565062, 2801.910029912284], [1615.774290217097, 2847.281342359641], [1583.3662098975562, 2892.6526548069974], [1549.1062392740419, 2940.801802710315], [1513.9203234985407, 2988.9509506136324], [1485.2160237869475, 3036.174153364963], [1452.8079434674069, 3089.878972180202], [1426.8814792117744, 3138.0281200835193], [1399.1031246521682, 3191.732938898758], [1376.8804410044831, 3243.585867410023], [1775.9628015108262, 2852.837013271562], [1739.8509405833381, 2897.282380566932], [1700.9612441998893, 2942.653693014289], [1667.6272187283619, 2993.580676373567], [1630.5894126488868, 3037.10009851695], [1600.9591677853068, 3087.1011367242413], [1569.4770326177531, 3138.0281200835193], [1544.4765135141074, 3191.732938898758], [1513.9203234985407, 3243.585867410023], [1488.919804394895, 3295.438795921288], [1463.9192852912493, 3352.8473953444745], [1445.400382251512, 3407.4781593117], [1423.177698603827, 3462.1089232789254], [1407.43663102005, 3518.591577550125], [1395.3993440442207, 3577.852067277285], [1380.5842216124306, 3636.186611852458], [1368.5469346366012, 3693.5952112756445], [1358.3615379647456, 3750.077865546844], [1350.9539767488507, 3811.1902455779773], [1343.5464155329555, 3869.5247901531507], [1869.4832618615005, 2939.875857558328], [1823.1860042621568, 2988.0250054616454], [1784.2963078787081, 3036.174153364963], [1748.18444695122, 3094.5086979401362], [1710.2206957197582, 3144.5097361474272], [1676.8866702482305, 3199.140500114653], [1644.47858992869, 3255.6231543858526], [1614.84834506511, 3314.8836441130125], [1591.6997162654382, 3375.0700789921593], [1565.7732520098057, 3433.4046235673327], [1546.3284038180811, 3498.2207842064136], [1526.8835556263568, 3555.6293836296], [1510.216542890593, 3615.815818508747], [1494.4754753068162, 3681.557924299815], [1483.3641334829738, 3745.4481397869095], [1475.9565722670786, 3809.338355274004], [1469.4749562031707, 3872.302625609111], [1599.107277481333, 3868.5988450011637], [1606.514838697228, 3813.9680810339382], [1615.774290217097, 3755.633536458765], [1623.1818514329918, 3700.0768273395524], [1638.9229190167687, 3642.668227916366], [1654.6639866005455, 3584.333683341193], [1670.4050541843226, 3530.628864525954], 