{"planDetails": {"ppi": 300, "pdfScale": ["1", "100"], "magicScale": 118.11000000047245}, "seatPixelCoords": [[2003.9527666558072, 1840.0357451794353], [1973.0503773610812, 1831.302461248317], [1962.3017202150897, 1887.0611201931486], [1993.2041095098155, 1893.7790309093932], [1803.0872362400892, 1798.3846987387178], [1772.856638016988, 1790.3232058792241], [1738.5952933641397, 1782.2617130197305], [1727.8466362181482, 1833.989625534815], [1762.1079808709962, 1840.7075362510598], [1793.0103701657222, 1847.4254469673047], [1637.8266326204684, 1760.092607656123], [1625.734393331228, 1811.8205201712074], [1597.519168323, 1805.1026094549627], [1608.939616540616, 1752.7029058682538], [1576.0218540310168, 1745.9849951520089], [1565.2731968850253, 1799.7282808819668], [1547.1348379511644, 1739.2670844357642], [1534.3708075902996, 1791.6667880224732], [1501.4530450807003, 1785.620668377853], [1471.222446857599, 1777.559175518359], [1440.320057562873, 1770.16947373049], [1409.4176682681473, 1762.7797719426208], [1514.8888665131897, 1730.533800504646], [1484.6582682900885, 1725.8312630032747], [1451.7405057804892, 1718.4415612154055], [1340.2231878908265, 1725.8312630032747], [1332.1616950313328, 1696.9442469234223], [1322.75662002859, 1668.0572308435699], [1311.336171810974, 1638.498423692093], [1300.5875146649823, 1607.5960343973672], [1352.9872182516915, 1594.1602129648777], [1365.079457540932, 1624.3908111879791], [1373.81274147205, 1654.6214094110803], [1383.2178164747927, 1685.5237987058063], [1278.4184093013748, 1707.6929040694138], [1269.6851253702566, 1677.4623058463126], [1258.936468224265, 1648.5752897664602], [1248.1878110782734, 1618.3446915433587], [1228.8695197860236, 1721.2334004307836], [1216.6284288307672, 1690.6306730426425], [1205.7474590927616, 1662.7481880890027], [1196.9066711806317, 1630.7853394836109], [1443.0886115030119, 1574.340308967706], [1453.9695812410175, 1605.6230969644726], [1462.8103691531471, 1634.1856425267376], [1495.4532783671643, 1562.779278621075], [1507.0143087137956, 1593.3820060092162], [1517.2152178431759, 1621.9445515714813], [1528.0961875811818, 1652.5472789596224], [1588.6215817488387, 1671.5889760011323], [1579.1007332280835, 1639.6261273957405], [1569.5798847073286, 1611.7436424421007], [1559.3789755779483, 1580.4608544453342], [1549.858127057193, 1549.1780664485677], [1600.1826120954697, 1540.3372785364381], [1612.423703050726, 1568.8998240987032], [1622.6246121801066, 1600.1826120954697], [1631.4654000922362, 1627.385036440484], [1641.6663092216165, 1659.347885045876], [1653.2273395682478, 1688.5904912167664], [1716.4729761704061, 1707.6321882582765], [1706.2720670410258, 1677.0294608701354], [1694.7110366943946, 1646.4267334819942], [1685.1901881736396, 1615.824006093853], [1674.309218435634, 1586.5813999229626], [1664.7883699148788, 1555.298611926196], [1652.5472789596224, 1527.4161269725564], [1705.5920064324005, 1514.4949754086745], [1716.4729761704061, 1545.777763405441], [1725.993824691161, 1574.340308967706], [1737.5548550377923, 1603.5829151385965], [1749.1158853844233, 1633.5055819181123], [1757.956673296553, 1664.1083093062534], [1811.001400769331, 1651.867218350997], [1802.1606128572014, 1622.6246121801066], [1789.2394612933194, 1592.0218847919655], [1779.0385521639391, 1563.4593392297004], [1768.8376430345588, 1531.4964906243085], [1757.2766126879276, 1502.9339450620434]]}