{"planDetails": {"ppi": 300, "pdfScale": ["1", "100"], "magicScale": 118.11000000047245}, "seatPixelCoords": [[3997.1164650357127, 4244.575937883523], [4005.0669701874494, 4343.957252280234], [3836.118735713041, 4327.062428832793], [3827.174417417337, 4265.446013906832], [3823.1991648414687, 4207.80485155674], [3821.2115385535344, 4150.163689206647], [3717.854971580955, 4214.761543564509], [3712.8859058611197, 4118.3616685997], [3549.900550250514, 4211.780104132608], [3545.925297674645, 4159.108007502351], [3544.931484530678, 4098.485405720357], [3546.9191108186124, 4038.8566170823315], [3546.9191108186124, 3980.2216415882717], [3570.770626273823, 3737.7312344602974], [3578.7211314255596, 3677.1086326783034], [3586.671636577297, 3621.4550966161455], [3597.603581160935, 3562.820121122086], [3610.5231520325074, 3505.1789587719936], [3625.430349192014, 3447.5377964219015], [3643.318985783422, 3391.884260359743], [3658.2261829429285, 3337.2245374415525], [3733.755981884429, 3120.5732720567225], [3753.632244763771, 3064.9197359945642], [3783.4466390827843, 3014.2352656522417], [3804.3167151060934, 2960.569355878018], [3833.1372962811397, 2906.903446103794], [3858.9764380242846, 2856.2189757614715], [3889.7846454872647, 2805.534505419149], [3917.611413518344, 2754.8500350768263], [4020.9679804909233, 2603.7904371938257], [4056.745253673739, 2556.0874062834046], [4094.5101531444893, 2510.3720016609177], [4131.281239471273, 2462.668970750496], [4167.058512654088, 2420.928818703878], [4208.7986647007065, 2379.188666657259], [4248.551190459391, 2333.4732620347722], [4293.2727819379115, 2290.7392968441864], [4394.641722622557, 2429.8731369995817], [4323.087176256924, 2500.4338702212463], [4235.631619587819, 2601.8028109058914], [4176.99664409376, 2678.326422991359], [3804.488363281232, 3425.300254679916], [3778.3040181860006, 3525.188682265429], [3750.180091972604, 3648.3520832689255], [3734.663443027281, 3745.3311391771904], [3896.6184663940835, 3500.943918288363], [3881.1018174487613, 3559.131351833322], [3868.4945401806867, 3616.348994819198], [3855.887262912612, 3672.5968472459917], [3848.128938439951, 3730.7842807909506], [3837.4612422900423, 3789.9415048949922], [3833.5820800537113, 3848.128938439951], [3828.7331272582983, 3904.376790866745], [3995.537103420514, 3904.376790866745], [4006.204799570423, 3807.3977349584798], [4023.661029633911, 3674.536428364157], [4044.996421933729, 3575.617791337727], [4148.764011755572, 3627.0166909691075], [4137.12652504658, 3684.2343339549834], [4124.519247778506, 3743.391558059025], [4117.730713864928, 3801.578991603984], [4110.942179951349, 3860.7362157080256], [4105.123436596853, 3916.984068134819], [4101.2442743605225, 3974.2017111206956], [4099.304693242358, 4033.3589352247373], [4264.169088286408, 4046.936003051894], [4265.138878845491, 3948.9871565845465], [4280.655527790813, 3841.340404526373], [4296.172176736135, 3744.361348618108], [4397.0303948807305, 3795.760248249488], [4387.332489289904, 3853.947681794447], [4379.5741648172425, 3912.135115339406], [4375.695002580912, 3970.322548884365], [4371.815840344581, 4033.3589352247373], [4487.199913498044, 3463.3974640985844], [4511.041888347073, 3407.9999343023123], [4533.4813940873355, 3356.108577277956], [4560.1283071538965, 3299.3085783729175], [4591.68386210114, 3244.6122831310286], [4506.133246466391, 3182.2024077909246], [4460.553000431483, 3267.7530234256737], [4409.36287796151, 3374.340675691919], [4371.496212024817, 3469.0073405336498], [4203.901153527235, 3438.1530201407895], [4227.04189382188, 3382.7554903445175], [4243.871523127077, 3327.357960548245], [4267.012263421722, 3271.960430751973], [4292.256707379517, 3219.3678391732337], [4322.409793217995, 3168.1777167032606], [4348.355471730172, 3116.987594233288], [4378.50855756865, 3065.0962372089316], [4275.427078074321, 3029.3332749353885], [4227.04189382188, 3116.987594233288], [4180.059178678206, 3216.562900955701], [4138.6863399695985, 3305.6196893623664], [3968.2863432544827, 3279.674010850188], [3988.622145331595, 3225.678950162682], [4013.86658928939, 3169.580185812027], [4037.7085641384183, 3115.5851251245213], [4062.25177354183, 3063.693768100165], [4088.1974520540084, 3011.802411075809], [4119.753007001252, 2961.313523160219], [4149.906092839729, 2912.2271043533956], [4051.0320206716992, 2873.6592038623203], [4003.3480709736423, 2957.807350388303], [3939.5357265247717, 3075.6147555246794], [3900.266591479313, 3164.671543931345], [4251.585103225292, 2759.35797149786], [4289.451769161984, 2713.7777254629523], [4324.5134968811435, 2665.3925412105123], [4362.380162817836, 2619.1110606212214], [4399.545594200145, 2574.9332836950803], [4440.918432908754, 2533.5604449864722], [4480.888802508595, 2491.4863717234807], [4525.76781398912, 2452.217236678022], [4410.064112515894, 2831.5851305993287], [4473.17522241038, 2755.851798725944], [4547.506085174999, 2671.0024176455777], [4616.2270715045515, 2601.5801967616417], [4481.590037062979, 2913.629573462162], [4516.651764782138, 2865.9456237641048], [4553.8171961644475, 2821.767846837964], [4593.78756576429, 2775.486366248673], [4630.952997146599, 2732.0098238769156], [4674.429539518356, 2689.2345160595405], [4713.698674563815, 2649.9653810140817], [4759.980155153106, 2611.3974805230064], [4637.264108136047, 2988.6616707811636], [4698.9727489217685, 2912.2271043533956], [4781.718426338985, 2822.469081392347], [4851.140647222921, 2755.851798725944], [4891.111016822763, 2865.2443892097217], [4847.634474451005, 2905.2147588095636], [4806.96287029678, 2946.587597518172], [4766.992500696938, 2992.1678435530794], [4727.0221310970965, 3043.3579660230525], [4464.224786529774, 2142.9429548741505], [4507.371288976904, 2105.5493194199707], [4554.832441668748, 2070.3130090881473], [4602.293594360592, 2037.2340238786805], [4650.473855426554, 2000.5594967986196], [4701.530549988992, 1968.1996199632717], [4751.868136177311, 1938.7161766243992], [4803.643939113867, 1907.07540816317], [4874.116559777514, 2063.8410337210776], [4789.98088000561, 2115.6168366576344], [4684.991057384258, 2186.089457321281], [4603.731811108829, 2246.4945607472637], [4706.5643086078235, 2302.5850139285335], [4752.58724455143, 2265.1913784743538], [4800.048397243273, 2230.6741765166494], [4851.105091805711, 2201.1907331777766], [4900.723569619911, 2170.988181464785], [4948.903830685874, 2140.066521377675], [5004.275175493024, 2110.5830780388023], [5056.050978429581, 2083.9760681964053], [5120.051623726158, 2244.3372356249074], [5030.882185335422, 2289.6410631943945], [4915.824845476407, 2359.394575483922], [4836.003815949215, 2411.8894867945974], [4916.543953850526, 2487.395866077076], [4963.28599816825, 2453.5977724934905], [5015.061801104807, 2419.7996789099047], [5064.680278919007, 2390.3162355710324], [5115.736973481445, 2360.113683858041], [5168.231884792121, 2336.383107512119], [5222.165012851034, 2311.2143144179595], [5277.536357658185, 2286.7646296979187], [5350.166303444188, 2440.653821759351], [5262.435081801689, 2479.4856739617685], [5163.198126173289, 2529.8232601500877], [5080.500663149622, 2580.160846338407], [5174.70386015919, 2647.757033505578], [5223.603229599272, 2618.992698540824], [5277.536357658185, 2591.666580324308], [5329.312160594741, 2566.497787230149], [5384.683505401892, 2541.328994135989], [5435.021091590211, 2119.212378528229], [5531.381613722136, 2093.3244770599504], [5280.41279115466, 1989.772871186837], [5337.941461084168, 1968.1996199632717], [5393.312805891318, 1952.3792357326572], [5450.8414758208255, 1934.4015263796862], [5210.659278865132, 1902.760757918457], [5303.424259126463, 1869.6817727089904], [5020.095559723639, 1800.6473687935813], [5075.46690453079, 1775.478575699422], [5130.119140963822, 1753.9053244758568], [5182.614052274497, 1730.8938565040537], [5240.142722204005, 1710.0397136546073]]}